Timestamp,Threat Type,Source IP,Destination IP,Ports
2025-12-15 21:50:09,Possible DDoS,192.168.1.106,N/A,443
2025-12-15 21:52:02,Possible DDoS,192.168.1.106,N/A,443
2025-12-15 21:52:11,Possible DDoS,192.168.1.106,N/A,443
2025-12-15 21:52:41,Possible DDoS,192.168.1.106,N/A,443
2025-12-15 21:52:48,Possible DDoS,172.64.155.209,N/A,58538
2025-12-15 21:54:42,Possible DDoS,192.168.1.106,N/A,443
2025-12-15 21:54:44,Possible DDoS,192.168.1.106,N/A,443
2025-12-15 21:54:46,Possible DDoS,192.168.1.106,N/A,443
2025-12-15 21:54:48,Possible DDoS,192.168.1.106,N/A,443
2025-12-15 21:54:50,Possible DDoS,192.168.1.106,N/A,443
2025-12-15 21:54:53,Possible DDoS,192.168.1.106,N/A,443
2025-12-15 21:54:55,Possible DDoS,192.168.1.106,N/A,443
2025-12-15 21:54:57,Possible DDoS,192.168.1.106,N/A,443
2025-12-15 21:54:59,Possible DDoS,192.168.1.106,N/A,443
2025-12-15 21:55:01,Possible DDoS,192.168.1.106,N/A,443
2025-12-15 21:55:04,Possible DDoS,192.168.1.106,N/A,443
2025-12-15 21:55:06,Possible DDoS,192.168.1.106,N/A,443
2025-12-15 21:55:08,Possible DDoS,192.168.1.106,N/A,443
2025-12-15 21:55:10,Possible DDoS,192.168.1.106,N/A,443
2025-12-15 21:55:12,Possible DDoS,192.168.1.106,N/A,443
2025-12-15 21:55:14,Possible DDoS,192.168.1.106,N/A,443
2025-12-15 21:55:16,Possible DDoS,192.168.1.106,N/A,443
2025-12-15 21:55:19,Possible DDoS,192.168.1.106,N/A,443
2025-12-15 21:55:21,Possible DDoS,192.168.1.106,N/A,443
2025-12-15 21:55:24,Possible DDoS,192.168.1.106,N/A,443
2025-12-15 21:55:26,Possible DDoS,192.168.1.106,N/A,443
2025-12-15 21:55:28,Possible DDoS,192.168.1.106,N/A,443
2025-12-15 21:55:30,Possible DDoS,192.168.1.106,N/A,587
2025-12-15 21:55:32,Port Scanning,172.217.194.108,N/A,"[57793, 65218, 57794, 55406, 55407, 55408, 55409, 55410, 55411, 55412, 55413]"
2025-12-15 21:55:34,Possible DDoS,192.168.1.106,N/A,443
2025-12-15 21:55:37,Possible DDoS,192.168.1.106,N/A,587
2025-12-15 21:55:40,Port Scanning,172.217.194.108,N/A,"[63031, 64108, 55407, 63028, 63029, 63030, 55413, 63032, 63035, 63036, 63038]"
2025-12-15 21:55:42,Possible DDoS,192.168.1.106,N/A,443
2025-12-15 21:55:44,Port Scanning,172.217.194.108,N/A,"[63040, 64045, 64046, 55408, 55409, 55410, 55411, 55412, 55413, 63038, 63039]"
2025-12-15 21:55:49,Possible DDoS,192.168.1.106,N/A,443
2025-12-15 21:56:12,Port Scanning,172.217.194.108,N/A,"[63040, 64045, 55407, 55408, 55409, 55410, 55411, 55412, 63036, 63038, 63039]"
2025-12-15 21:56:14,Possible DDoS,192.168.1.106,N/A,443
2025-12-15 21:56:24,Possible DDoS,192.168.1.106,N/A,443
2025-12-15 21:56:27,Possible DDoS,172.64.155.209,N/A,58538
2025-12-15 21:56:29,Possible DDoS,192.168.1.106,N/A,443
2025-12-15 21:56:35,Port Scanning,172.217.194.108,N/A,"[64055, 63032, 55407, 55408, 63030, 63031, 64056, 64057, 63035, 63036, 63038]"
2025-12-15 21:56:45,Port Scanning,172.217.194.108,N/A,"[63040, 64045, 64046, 55409, 55410, 55411, 55412, 64052, 55413, 64058, 63039]"
2025-12-15 21:57:06,Port Scanning,192.168.1.1,N/A,"[52612, 56935, 61511, 58383, 56627, 63476, 51349, 53270, 60440, 56667, 64639]"
2025-12-15 21:57:07,Possible DDoS,192.168.1.106,N/A,443
2025-12-15 21:57:08,Possible DDoS,192.168.1.106,N/A,443
2025-12-15 21:57:10,Possible DDoS,192.168.1.106,N/A,443
2025-12-15 21:57:12,Possible DDoS,23.206.173.80,N/A,52688
2025-12-15 21:57:13,Possible DDoS,23.206.173.80,N/A,52688
2025-12-15 21:57:14,Possible DDoS,192.168.1.106,N/A,443
2025-12-15 21:57:16,Port Scanning,172.217.194.108,N/A,"[64108, 52334, 55407, 54000, 55409, 55410, 55408, 55412, 63029, 64058, 63039]"
2025-12-15 21:57:17,Port Scanning,172.217.194.108,N/A,"[64045, 64046, 64048, 55411, 63028, 55413, 63030, 63031, 63032, 63036, 63038]"
2025-12-15 21:57:18,Port Scanning,172.217.194.108,N/A,"[63040, 64047, 64052, 64053, 55479, 64055, 64056, 64057, 64058, 63035, 63039]"
2025-12-15 21:57:20,Port Scanning,172.217.194.108,N/A,"[64108, 55407, 55408, 54001, 55409, 55410, 55412, 55411, 63030, 63031, 63036]"
2025-12-15 21:57:21,Port Scanning,172.217.194.108,N/A,"[64045, 64046, 64047, 64048, 63028, 55413, 63029, 64052, 63032, 64057, 63038]"
2025-12-15 21:57:22,Possible DDoS,23.206.173.80,N/A,52688
2025-12-15 21:57:24,Port Scanning,172.217.194.108,N/A,"[63040, 54001, 54002, 54003, 64053, 64055, 64056, 55479, 64058, 63035, 63039]"
2025-12-15 21:57:25,Possible DDoS,192.168.1.106,N/A,443
2025-12-15 21:57:27,Port Scanning,192.168.1.1,N/A,"[57536, 51558, 54698, 56619, 50447, 60113, 62514, 63921, 56532, 55957, 55675]"
2025-12-15 21:57:28,Possible DDoS,23.206.173.80,N/A,52688
2025-12-15 21:57:29,Possible DDoS,192.168.1.106,N/A,443
2025-12-15 21:57:31,Port Scanning,192.168.1.1,N/A,"[49719, 52518, 62248, 65038, 58897, 65330, 61046, 59574, 54296, 50774, 50844]"
2025-12-15 21:57:32,Possible DDoS,192.168.1.106,N/A,443
2025-12-15 21:57:33,Possible DDoS,192.168.1.106,N/A,587
2025-12-15 21:57:35,Port Scanning,172.217.194.108,N/A,"[50438, 56007, 56008, 56009, 50439, 50440, 50444, 50445, 50446, 54003, 57147]"
2025-12-15 21:57:36,Possible DDoS,192.168.1.106,N/A,587
2025-12-15 21:58:19,Port Scanning,192.168.1.1,N/A,"[60000, 56898, 55494, 51271, 49161, 63210, 1900, 58061, 59315, 50803, 62815]"
2025-12-15 21:58:21,Possible DDoS,192.168.1.106,N/A,443
2025-12-15 21:58:24,Possible DDoS,50.116.1.184,N/A,50813
2025-12-15 21:58:26,Possible DDoS,50.116.1.184,N/A,50813
2025-12-15 21:58:28,Possible DDoS,50.116.1.184,N/A,50813
2025-12-15 21:58:30,Possible DDoS,50.116.1.184,N/A,50813
2025-12-15 21:58:32,Possible DDoS,50.116.1.184,N/A,50813
2025-12-15 21:58:35,Possible DDoS,50.116.1.184,N/A,50813
2025-12-15 21:58:37,Possible DDoS,50.116.1.184,N/A,50813
2025-12-15 21:58:39,Possible DDoS,192.168.1.106,N/A,443
2025-12-15 21:58:41,Possible DDoS,50.116.1.184,N/A,50813
2025-12-15 21:58:43,Possible DDoS,50.116.1.184,N/A,50813
2025-12-15 21:58:45,Possible DDoS,192.168.1.106,N/A,443
2025-12-15 21:58:47,Possible DDoS,50.116.1.184,N/A,50813
2025-12-15 21:58:49,Possible DDoS,50.116.1.184,N/A,50813
2025-12-15 21:58:51,Possible DDoS,50.116.1.184,N/A,50813
2025-12-15 21:58:53,Possible DDoS,50.116.1.184,N/A,50813
2025-12-15 21:58:55,Possible DDoS,50.116.1.184,N/A,50813
2025-12-15 21:58:57,Possible DDoS,50.116.1.184,N/A,50813
2025-12-15 21:58:59,Possible DDoS,50.116.1.184,N/A,50813
2025-12-15 21:59:01,Possible DDoS,50.116.1.184,N/A,50813
2025-12-15 21:59:03,Possible DDoS,192.168.1.106,N/A,443
2025-12-15 21:59:05,Possible DDoS,192.168.1.106,N/A,587
2025-12-15 21:59:07,Port Scanning,172.217.194.109,N/A,"[58657, 64323, 64324, 64325, 64326, 64327, 58659, 64329, 64330, 64333, 64335]"
2025-12-15 21:59:34,Port Scanning,192.168.1.1,N/A,"[61824, 50625, 51106, 57219, 62213, 51115, 63884, 54767, 63511, 60216, 54363]"
2025-12-15 21:59:36,Possible DDoS,192.168.1.106,N/A,443
2025-12-15 21:59:37,Possible DDoS,192.168.1.106,N/A,443
2025-12-15 21:59:39,Port Scanning,192.168.1.1,N/A,"[64899, 50276, 54981, 53059, 51271, 64552, 49643, 55084, 52985, 49818, 59388]"
2025-12-15 21:59:40,Possible DDoS,192.168.1.106,N/A,443
2025-12-15 21:59:42,Port Scanning,192.168.1.1,N/A,"[52103, 52587, 52748, 65263, 59536, 58969, 55606, 64087, 58137, 51324, 54525]"
2025-12-15 21:59:44,Possible DDoS,23.206.173.80,N/A,52688
2025-12-15 21:59:46,Possible DDoS,192.168.1.106,N/A,443
2025-12-15 21:59:47,Possible DDoS,23.206.173.80,N/A,52688
2025-12-15 21:59:49,Possible DDoS,192.168.1.106,N/A,443
2025-12-15 21:59:51,Port Scanning,192.168.1.1,N/A,"[54693, 54246, 63398, 65128, 50125, 65198, 64270, 51281, 61170, 53301, 63321]"
2025-12-15 21:59:52,Possible DDoS,104.19.223.79,N/A,45125
2025-12-15 21:59:54,Possible DDoS,104.19.223.79,N/A,45125
2025-12-15 21:59:55,Possible DDoS,192.168.1.106,N/A,443
2025-12-15 21:59:57,Possible DDoS,104.19.223.79,N/A,59888
2025-12-15 21:59:58,Possible DDoS,192.168.1.106,N/A,443
2025-12-15 21:59:59,Possible DDoS,104.19.223.79,N/A,59888
2025-12-15 22:00:01,Possible DDoS,142.251.221.232,N/A,41319
2025-12-15 22:00:03,Possible DDoS,192.168.1.106,N/A,443
2025-12-15 22:00:05,Possible DDoS,192.168.1.106,N/A,587
2025-12-15 22:00:07,Port Scanning,172.217.194.109,N/A,"[9536, 9537, 8550, 9526, 9527, 9530, 9531, 9532, 9533, 9534, 9535]"
2025-12-15 22:00:13,Possible DDoS,192.168.1.106,N/A,443
2025-12-15 22:01:09,Possible DDoS,192.168.1.106,N/A,443
2025-12-15 22:01:10,Port Scanning,192.168.1.1,N/A,"[53088, 64866, 64744, 52587, 58733, 60718, 55088, 57045, 50965, 51513, 52159]"
2025-12-15 22:01:56,Port Scanning,192.168.1.1,N/A,"[61282, 63618, 54695, 64203, 51181, 49968, 54770, 62261, 65046, 60476, 64958]"
2025-12-15 22:01:58,Possible DDoS,192.168.1.106,N/A,443
2025-12-15 22:02:00,Possible DDoS,192.168.1.106,N/A,443
2025-12-15 22:02:03,Possible DDoS,23.206.173.48,N/A,58934
2025-12-15 22:02:05,Possible DDoS,192.168.1.106,N/A,443
2025-12-15 22:02:16,Possible DDoS,192.168.1.106,N/A,443
2025-12-15 22:02:22,Port Scanning,192.168.1.1,N/A,"[49536, 62753, 56161, 62554, 51052, 57900, 52530, 51795, 58202, 63614, 61471]"
2025-12-15 22:02:25,Possible DDoS,192.168.1.106,N/A,443
2025-12-15 22:04:26,Possible DDoS,192.168.1.106,N/A,443
2025-12-15 22:08:10,Malicious IP (OSINT),8.8.8.8,192.168.1.106,
2025-12-15 22:08:12,Malicious IP (OSINT),8.8.8.8,192.168.1.106,
2025-12-15 22:08:14,Malicious IP (OSINT),8.8.8.8,192.168.1.106,
2025-12-15 22:08:16,Malicious IP (OSINT),8.8.8.8,192.168.1.106,
2025-12-15 22:08:59,Possible DDoS,192.168.1.106,N/A,443
2025-12-15 22:09:05,Possible DDoS,192.168.1.106,N/A,443
2025-12-15 22:09:49,Possible DDoS,192.168.1.106,N/A,443
2025-12-15 22:10:05,Possible DDoS,192.168.1.106,N/A,443
2025-12-15 22:10:14,Possible DDoS,192.168.1.106,N/A,443
2025-12-15 22:10:21,Possible DDoS,172.64.155.209,N/A,58538
2025-12-15 22:10:23,Possible DDoS,192.168.1.106,N/A,443
2025-12-15 22:10:48,Possible DDoS,192.168.1.106,N/A,443
2025-12-15 22:10:50,Possible DDoS,172.64.155.209,N/A,58538
2025-12-15 22:13:14,Possible DDoS,192.168.1.106,N/A,443
2025-12-15 22:13:17,Possible DDoS,192.168.1.106,N/A,443
2025-12-15 22:13:19,Possible DDoS,192.168.1.106,N/A,443
2025-12-15 22:13:21,Possible DDoS,192.168.1.106,N/A,443
2025-12-15 22:13:23,Possible DDoS,192.168.1.106,N/A,443
2025-12-15 22:13:25,Possible DDoS,192.168.1.106,N/A,443
2025-12-15 22:13:27,Possible DDoS,192.168.1.106,N/A,443
2025-12-15 22:17:02,Port Scanning,192.168.1.1,N/A,"[58082, 51523, 53127, 62827, 54542, 54131, 54456, 57561, 62522, 51323, 55257]"
2025-12-15 22:17:04,Possible DDoS,192.168.1.106,N/A,443
2025-12-15 22:17:11,Port Scanning,192.168.1.1,N/A,"[54304, 57632, 64675, 62250, 56812, 55949, 59603, 56567, 59290, 51963, 57758]"
2025-12-15 22:17:13,Port Scanning,192.168.1.1,N/A,"[63937, 59618, 52259, 63143, 54089, 53932, 58799, 54165, 60566, 56633, 55838]"
2025-12-15 22:17:15,Possible DDoS,192.168.1.106,N/A,443
2025-12-15 22:17:18,Port Scanning,192.168.1.1,N/A,"[64067, 49894, 58505, 51018, 60078, 59630, 54033, 56404, 59062, 51096, 57275]"
2025-12-15 22:17:29,Port Scanning,192.168.1.1,N/A,"[49632, 57570, 52483, 59398, 60332, 58802, 63231, 57814, 63542, 58232, 51263]"
2025-12-15 22:17:31,Possible DDoS,103.230.151.225,N/A,28416
2025-12-15 22:17:34,Possible DDoS,103.230.151.225,N/A,28416
2025-12-15 22:17:36,Port Scanning,192.168.1.1,N/A,"[53824, 52837, 56486, 61991, 56909, 62510, 54893, 58416, 62385, 59762, 60574]"
2025-12-15 22:17:38,Possible DDoS,192.168.1.106,N/A,443
2025-12-15 22:17:41,Possible DDoS,103.230.151.225,N/A,36363
2025-12-15 22:17:43,Possible DDoS,103.230.151.225,N/A,36363
2025-12-15 22:17:46,Possible DDoS,192.168.1.106,N/A,443
2025-12-15 22:17:49,Possible DDoS,103.230.151.202,N/A,3986
2025-12-15 22:17:51,Possible DDoS,103.230.151.202,N/A,3986
2025-12-15 22:17:54,Possible DDoS,103.230.151.202,N/A,3986
2025-12-15 22:17:56,Possible DDoS,192.168.1.106,N/A,443
2025-12-15 22:17:59,Possible DDoS,103.230.151.202,N/A,3986
2025-12-15 22:18:01,Possible DDoS,103.230.151.202,N/A,3986
2025-12-15 22:18:04,Possible DDoS,103.230.151.202,N/A,3986
2025-12-15 22:18:06,Possible DDoS,103.230.151.202,N/A,3986
2025-12-15 22:18:10,Possible DDoS,103.230.151.202,N/A,3986
2025-12-15 22:18:13,Possible DDoS,103.230.151.202,N/A,3986
2025-12-15 22:18:15,Possible DDoS,103.230.151.202,N/A,3986
2025-12-15 22:18:17,Possible DDoS,103.230.151.202,N/A,3986
2025-12-15 22:18:20,Possible DDoS,103.230.151.202,N/A,3986
2025-12-15 22:18:22,Possible DDoS,192.168.1.106,N/A,443
2025-12-15 22:32:21,Possible DDoS,192.168.1.106,N/A,443
2025-12-15 22:32:25,Port Scanning,192.168.1.1,N/A,"[49378, 49282, 49317, 55781, 50762, 58475, 64721, 55128, 52825, 56763, 49853]"
2025-12-15 22:32:27,Possible DDoS,192.168.1.106,N/A,443
2025-12-15 22:32:30,Possible DDoS,23.44.236.210,N/A,15510
2025-12-15 22:32:35,Possible DDoS,23.44.236.210,N/A,15510
2025-12-15 22:32:39,Possible DDoS,23.53.243.54,N/A,20218
2025-12-15 22:32:41,Possible DDoS,192.168.1.106,N/A,443
2025-12-15 22:32:43,Possible DDoS,23.44.236.210,N/A,15510
2025-12-15 22:32:46,Possible DDoS,23.44.236.210,N/A,15510
2025-12-15 22:32:49,Possible DDoS,192.168.1.106,N/A,443
2025-12-15 22:32:51,Possible DDoS,23.53.243.54,N/A,20218
2025-12-15 22:32:54,Possible DDoS,192.168.1.106,N/A,443
2025-12-15 22:32:56,Port Scanning,71.18.222.1,N/A,"[15555, 15556, 15557, 15495, 15565, 15538, 15542, 15545, 15547, 15549, 15550]"
2025-12-15 22:32:59,Possible DDoS,192.168.1.106,N/A,443
2025-12-15 22:33:02,Port Scanning,172.217.194.109,N/A,"[15523, 15525, 15534, 15567, 15537, 15539, 15540, 15508, 15543, 15548, 15519]"
2025-12-15 22:33:04,Port Scanning,172.217.194.109,N/A,"[15521, 15523, 15525, 15534, 15567, 15537, 15539, 15540, 15508, 15543, 15548]"
2025-12-15 22:33:06,Possible DDoS,192.168.1.106,N/A,443
2025-12-15 22:33:08,Port Scanning,71.18.222.1,N/A,"[15555, 15556, 15557, 15495, 15564, 15565, 15566, 15568, 15569, 15542, 15550]"
2025-12-15 22:33:11,Port Scanning,172.217.194.109,N/A,"[15521, 15534, 15567, 15537, 15570, 15539, 15540, 15572, 15543, 15548, 15519]"
2025-12-15 22:33:14,Possible DDoS,23.53.243.54,N/A,20218
2025-12-15 22:33:17,Port Scanning,71.18.222.1,N/A,"[15555, 15556, 15557, 15495, 15564, 15565, 15566, 15571, 15574, 15575, 15550]"
2025-12-15 22:33:20,Possible DDoS,23.53.243.54,N/A,20218
2025-12-15 22:33:23,Malicious IP (OSINT),8.8.8.8,192.168.1.106,
2025-12-15 22:33:25,Malicious IP (OSINT),8.8.8.8,192.168.1.106,
2025-12-15 22:33:28,Malicious IP (OSINT),8.8.8.8,192.168.1.106,
2025-12-15 22:33:30,Malicious IP (OSINT),8.8.8.8,192.168.1.106,
2025-12-15 22:33:32,Possible DDoS,23.53.243.54,N/A,20218
2025-12-15 22:33:35,Possible DDoS,23.53.243.54,N/A,20218
2025-12-15 22:33:37,Possible DDoS,192.168.1.106,N/A,443
2025-12-15 22:33:39,Possible DDoS,23.53.243.54,N/A,20218
2025-12-15 22:33:43,Possible DDoS,192.168.1.106,N/A,443
2025-12-15 22:33:45,Possible DDoS,23.53.243.54,N/A,20218
2025-12-15 22:33:48,Possible DDoS,23.53.243.54,N/A,20218
2025-12-15 22:33:51,Possible DDoS,23.53.243.54,N/A,20218
2025-12-15 22:33:53,Possible DDoS,192.168.1.106,N/A,443
2025-12-15 22:33:59,Possible DDoS,23.53.243.54,N/A,20218
2025-12-15 22:34:02,Possible DDoS,23.53.243.54,N/A,20218
2025-12-15 22:43:15,SQL Injection,192.168.1.106,Web Server,HTTP
2025-12-15 22:44:53,Possible DDoS,192.168.1.106,N/A,443
2025-12-15 22:45:07,Possible DDoS,192.168.1.106,N/A,443
2025-12-15 22:45:07,Possible DDoS,23.209.103.224,N/A,15790
2025-12-15 22:45:11,Possible DDoS,23.209.103.224,N/A,15790
2025-12-15 22:45:12,Possible DDoS,192.168.1.106,N/A,443
2025-12-15 22:45:16,Possible DDoS,23.53.243.54,N/A,20218
2025-12-15 22:45:16,Possible DDoS,192.168.1.106,N/A,443
2025-12-15 22:45:18,Possible DDoS,23.209.103.224,N/A,15790
2025-12-15 22:45:19,Possible DDoS,23.53.243.54,N/A,20218
2025-12-15 22:45:19,Possible DDoS,192.168.1.106,N/A,443
2025-12-15 22:45:21,Possible DDoS,23.53.243.54,N/A,20218
2025-12-15 22:45:24,Possible DDoS,192.168.1.106,N/A,443
2025-12-15 22:45:25,Possible DDoS,23.53.243.54,N/A,20218
2025-12-15 22:45:26,Possible DDoS,23.53.243.54,N/A,20218
2025-12-15 22:45:27,Possible DDoS,192.168.1.106,N/A,443
2025-12-15 22:45:32,Possible DDoS,23.53.243.54,N/A,20218
2025-12-15 22:45:35,Possible DDoS,192.168.1.106,N/A,443
2025-12-15 22:45:37,Possible DDoS,23.53.243.54,N/A,20218
2025-12-15 22:45:42,Possible DDoS,23.53.243.54,N/A,20218
2025-12-15 22:45:42,Possible DDoS,192.168.1.106,N/A,443
2025-12-15 22:45:47,Possible DDoS,23.53.243.54,N/A,20218
2025-12-15 22:45:52,Possible DDoS,23.53.243.54,N/A,20218
2025-12-15 22:45:57,Possible DDoS,192.168.1.106,N/A,443
2025-12-15 22:45:57,Possible DDoS,23.53.243.54,N/A,20218
2025-12-15 22:46:03,Possible DDoS,23.53.243.54,N/A,20218
2025-12-15 22:46:08,Possible DDoS,23.53.243.54,N/A,20218
2025-12-15 22:46:32,SQL Injection,192.168.1.106,Web Server,HTTP
2025-12-15 22:46:49,Possible DDoS,192.168.1.106,N/A,443
2025-12-15 22:46:57,Possible DDoS,192.168.1.106,N/A,443
2025-12-15 22:47:02,Possible DDoS,23.53.243.54,N/A,20218
2025-12-15 22:47:07,Possible DDoS,23.53.243.54,N/A,20218
2025-12-15 22:47:12,Possible DDoS,23.53.243.54,N/A,20218
2025-12-15 22:47:18,Possible DDoS,23.53.243.54,N/A,20218
2025-12-15 22:47:23,Possible DDoS,23.53.243.54,N/A,20218
2025-12-15 22:47:28,Possible DDoS,23.53.243.54,N/A,20218
2025-12-15 22:47:33,Possible DDoS,23.53.243.54,N/A,20218
2025-12-15 22:47:37,Possible DDoS,192.168.1.106,N/A,443
2025-12-15 22:47:39,Possible DDoS,23.53.243.54,N/A,20218
2025-12-15 22:47:42,Possible DDoS,192.168.1.106,N/A,443
2025-12-15 22:47:42,Possible DDoS,23.53.243.54,N/A,20218
2025-12-15 22:49:59,Possible DDoS,192.168.1.106,N/A,443
2025-12-15 22:50:01,Possible DDoS,192.168.1.106,N/A,443
2025-12-15 22:50:03,Possible DDoS,192.168.1.106,N/A,443
2025-12-15 22:50:05,Possible DDoS,192.168.1.106,N/A,443
2025-12-15 22:50:07,Possible DDoS,192.168.1.106,N/A,443
2025-12-15 22:50:09,Possible DDoS,192.168.1.106,N/A,443
2025-12-15 22:50:10,Possible DDoS,23.53.243.54,N/A,20218
2025-12-15 22:50:10,Possible DDoS,192.168.1.106,N/A,443
2025-12-15 22:50:12,Possible DDoS,192.168.1.106,N/A,443
2025-12-15 23:07:18,Possible DDoS,192.168.1.106,N/A,443
2025-12-15 23:07:19,Possible DDoS,192.168.1.106,N/A,443
2025-12-15 23:07:24,Possible DDoS,23.53.243.54,N/A,20218
2025-12-15 23:07:25,Possible DDoS,192.168.1.106,N/A,443
2025-12-15 23:07:38,Possible DDoS,192.168.1.106,N/A,443
2025-12-15 23:07:39,Possible DDoS,192.168.1.106,N/A,443
2025-12-15 23:07:40,Possible DDoS,192.168.1.106,N/A,443
2025-12-15 23:07:41,Possible DDoS,192.168.1.106,N/A,443
2025-12-15 23:07:43,Possible DDoS,192.168.1.106,N/A,443
2025-12-15 23:07:44,Possible DDoS,192.168.1.106,N/A,443
2025-12-15 23:07:44,Possible DDoS,192.168.1.106,N/A,443
2025-12-15 23:07:45,Possible DDoS,71.18.222.1,N/A,4864
2025-12-15 23:07:45,Possible DDoS,192.168.1.106,N/A,443
2025-12-15 23:07:46,Possible DDoS,192.168.1.106,N/A,443
2025-12-15 23:07:46,Possible DDoS,71.18.222.1,N/A,4865
2025-12-15 23:07:47,Possible DDoS,192.168.1.106,N/A,443
2025-12-15 23:07:47,Possible DDoS,71.18.222.1,N/A,4868
2025-12-15 23:07:47,Possible DDoS,192.168.1.106,N/A,443
2025-12-15 23:07:48,Possible DDoS,192.168.1.106,N/A,443
2025-12-15 23:07:48,Possible DDoS,71.18.222.1,N/A,4869
2025-12-15 23:07:48,Possible DDoS,192.168.1.106,N/A,443
2025-12-15 23:07:49,Possible DDoS,192.168.1.106,N/A,443
2025-12-15 23:07:52,Possible DDoS,71.18.222.1,N/A,4864
2025-12-15 23:07:53,Possible DDoS,192.168.1.106,N/A,443
2025-12-15 23:07:54,Possible DDoS,23.53.243.54,N/A,20218
2025-12-15 23:07:54,Possible DDoS,192.168.1.106,N/A,443
2025-12-15 23:07:59,Possible DDoS,23.53.243.54,N/A,20218
2025-12-15 23:08:00,Possible DDoS,192.168.1.106,N/A,443
2025-12-15 23:08:00,Possible DDoS,192.168.1.106,N/A,443
2025-12-15 23:08:03,Possible DDoS,192.168.1.106,N/A,443
2025-12-15 23:08:05,Possible DDoS,192.168.1.106,N/A,443
2025-12-15 23:08:05,Possible DDoS,23.53.243.54,N/A,20218
2025-12-15 23:08:06,Possible DDoS,192.168.1.106,N/A,443
2025-12-15 23:08:08,Possible DDoS,192.168.1.106,N/A,443
2025-12-15 23:08:09,Possible DDoS,71.18.222.1,N/A,4896
2025-12-15 23:08:09,Possible DDoS,192.168.1.106,N/A,443
2025-12-15 23:08:10,Possible DDoS,192.168.1.106,N/A,443
2025-12-15 23:08:10,Possible DDoS,192.168.1.106,N/A,443
2025-12-15 23:08:11,Possible DDoS,192.168.1.106,N/A,443
2025-12-15 23:08:11,Possible DDoS,192.168.1.106,N/A,443
2025-12-15 23:08:11,Possible DDoS,23.53.243.54,N/A,20218
2025-12-15 23:08:14,Possible DDoS,192.168.1.106,N/A,443
2025-12-15 23:08:16,Possible DDoS,23.53.243.54,N/A,20218
2025-12-15 23:08:21,Possible DDoS,23.53.243.54,N/A,20218
2025-12-15 23:08:21,Possible DDoS,23.53.243.54,N/A,20218
2025-12-15 23:08:22,Possible DDoS,192.168.1.106,N/A,443
2025-12-15 23:08:22,Possible DDoS,192.168.1.106,N/A,443
2025-12-15 23:08:27,Possible DDoS,192.168.1.106,N/A,443
2025-12-15 23:08:27,Possible DDoS,23.53.243.54,N/A,20218
2025-12-15 23:08:30,Port Scanning,192.168.1.1,N/A,"[54025, 53963, 58158, 62831, 63441, 59665, 52215, 63993, 50012, 65085, 51358]"
2025-12-15 23:08:32,Possible DDoS,192.168.1.106,N/A,443
2025-12-15 23:08:32,Possible DDoS,23.53.243.54,N/A,20218
2025-12-15 23:08:36,Possible DDoS,23.53.243.54,N/A,20218
2025-12-15 23:08:41,Possible DDoS,192.168.1.106,N/A,443
2025-12-15 23:08:41,Possible DDoS,23.53.243.54,N/A,20218
2025-12-15 23:08:46,Possible DDoS,23.53.243.54,N/A,20218
2025-12-15 23:08:48,Malicious IP (OSINT),15.204.219.215,192.168.1.106,
2025-12-15 23:08:49,Malicious IP (OSINT),15.204.219.215,192.168.1.106,
2025-12-15 23:08:50,Possible DDoS,192.168.1.106,N/A,443
2025-12-15 23:08:50,Malicious IP (OSINT),15.204.219.215,192.168.1.106,
2025-12-15 23:08:51,Possible DDoS,23.53.243.54,N/A,20218
2025-12-15 23:08:51,Malicious IP (OSINT),15.204.219.215,192.168.1.106,
2025-12-15 23:08:56,Possible DDoS,23.53.243.54,N/A,20218
2025-12-15 23:08:56,Possible DDoS,192.168.1.106,N/A,443
2025-12-15 23:09:01,Possible DDoS,23.53.243.54,N/A,20218
2025-12-15 23:09:06,Possible DDoS,23.53.243.54,N/A,20218
2025-12-15 23:09:06,Possible DDoS,23.53.243.54,N/A,20218
2025-12-15 23:09:11,Possible DDoS,23.53.243.54,N/A,20218
2025-12-15 23:09:17,Possible DDoS,23.53.243.54,N/A,20218
2025-12-15 23:09:21,Port Scanning,192.168.1.1,N/A,"[64738, 59780, 53866, 57290, 53739, 55871, 49807, 50040, 55741, 51486, 63774]"
2025-12-15 23:09:21,Possible DDoS,192.168.1.106,N/A,443
2025-12-15 23:09:22,Possible DDoS,23.53.243.54,N/A,20218
2025-12-15 23:09:22,Possible DDoS,104.19.223.79,N/A,56309
2025-12-15 23:09:22,Possible DDoS,192.168.1.106,N/A,443
2025-12-15 23:09:22,Possible DDoS,104.19.223.79,N/A,56309
2025-12-15 23:09:27,Possible DDoS,23.53.243.54,N/A,20218
2025-12-15 23:09:28,Possible DDoS,192.168.1.106,N/A,443
2025-12-15 23:09:33,Possible DDoS,23.53.243.54,N/A,20218
2025-12-15 23:09:37,Possible DDoS,23.53.243.54,N/A,20218
2025-12-15 23:09:38,Possible DDoS,192.168.1.106,N/A,443
2025-12-15 23:09:38,Possible DDoS,23.53.243.54,N/A,20218
2025-12-15 23:09:43,Possible DDoS,23.53.243.54,N/A,20218
2025-12-15 23:09:48,Possible DDoS,23.53.243.54,N/A,20218
2025-12-15 23:09:53,Possible DDoS,23.53.243.54,N/A,20218
2025-12-15 23:09:54,Possible DDoS,192.168.1.106,N/A,443
2025-12-15 23:09:59,Possible DDoS,23.53.243.54,N/A,20218
2025-12-15 23:10:04,Possible DDoS,23.53.243.54,N/A,20218
2025-12-15 23:10:04,Possible DDoS,23.53.243.54,N/A,20218
2025-12-15 23:10:04,Possible DDoS,192.168.1.106,N/A,443
2025-12-15 23:10:09,Possible DDoS,23.53.243.54,N/A,20218
2025-12-15 23:10:14,Possible DDoS,23.53.243.54,N/A,20218
2025-12-15 23:10:14,Possible DDoS,192.168.1.106,N/A,443
2025-12-15 23:10:19,Possible DDoS,23.53.243.54,N/A,20218
2025-12-15 23:10:24,Possible DDoS,23.53.243.54,N/A,20218
2025-12-15 23:10:24,Possible DDoS,23.53.243.54,N/A,20218
2025-12-15 23:10:24,Possible DDoS,192.168.1.106,N/A,443
2025-12-15 23:10:29,Possible DDoS,23.53.243.54,N/A,20218
2025-12-15 23:10:34,Possible DDoS,192.168.1.106,N/A,443
2025-12-15 23:10:35,Possible DDoS,23.53.243.54,N/A,20218
2025-12-15 23:10:39,Possible DDoS,192.168.1.106,N/A,443
2025-12-15 23:10:40,Possible DDoS,23.53.243.54,N/A,20218
2025-12-15 23:10:40,Possible DDoS,23.53.243.54,N/A,20218
2025-12-15 23:10:45,Possible DDoS,192.168.1.106,N/A,443
2025-12-15 23:10:45,Possible DDoS,23.53.243.54,N/A,20218
2025-12-15 23:10:46,Possible DDoS,34.96.106.127,N/A,49596
2025-12-15 23:10:46,Possible DDoS,34.96.106.127,N/A,49596
2025-12-15 23:10:46,Possible DDoS,34.96.106.127,N/A,49596
2025-12-15 23:10:47,Possible DDoS,192.168.1.106,N/A,443
2025-12-15 23:10:47,Possible DDoS,34.96.106.127,N/A,49596
2025-12-15 23:10:47,Possible DDoS,34.96.106.127,N/A,49596
2025-12-15 23:10:47,Possible DDoS,34.96.106.127,N/A,49596
2025-12-15 23:10:48,Possible DDoS,34.96.106.127,N/A,49596
2025-12-15 23:10:48,Possible DDoS,34.96.106.127,N/A,49596
2025-12-15 23:10:51,Port Scanning,192.168.1.1,N/A,"[60321, 60515, 53383, 64168, 62477, 60687, 63954, 53241, 58202, 60250, 64606]"
2025-12-15 23:10:53,Possible DDoS,192.168.1.106,N/A,443
2025-12-15 23:10:53,Possible DDoS,23.53.243.54,N/A,20218
2025-12-15 23:10:58,Possible DDoS,192.168.1.106,N/A,443
2025-12-15 23:10:58,Possible DDoS,23.53.243.54,N/A,20218
2025-12-15 23:11:03,Possible DDoS,192.168.1.106,N/A,443
2025-12-15 23:11:03,Possible DDoS,23.53.243.54,N/A,20218
2025-12-15 23:11:04,Possible DDoS,23.53.243.54,N/A,20218
2025-12-15 23:11:09,Possible DDoS,192.168.1.106,N/A,443
2025-12-15 23:11:09,Possible DDoS,23.53.243.54,N/A,20218
2025-12-15 23:11:14,Possible DDoS,23.53.243.54,N/A,20218
2025-12-15 23:11:14,Possible DDoS,23.53.243.54,N/A,20218
2025-12-15 23:11:14,Possible DDoS,192.168.1.106,N/A,443
2025-12-15 23:11:19,Possible DDoS,23.53.243.54,N/A,20218
2025-12-15 23:11:24,Possible DDoS,192.168.1.106,N/A,443
2025-12-15 23:11:24,Possible DDoS,23.53.243.54,N/A,20218
2025-12-15 23:11:29,Possible DDoS,23.53.243.54,N/A,20218
2025-12-15 23:11:29,Possible DDoS,23.53.243.54,N/A,20218
2025-12-15 23:11:29,Possible DDoS,192.168.1.106,N/A,443
2025-12-15 23:11:35,Possible DDoS,23.53.243.54,N/A,20218
2025-12-15 23:11:40,Possible DDoS,23.53.243.54,N/A,20218
2025-12-15 23:11:40,Possible DDoS,192.168.1.106,N/A,443
2025-12-15 23:11:40,Possible DDoS,23.53.243.54,N/A,20218
2025-12-15 23:11:45,Possible DDoS,23.53.243.54,N/A,20218
2025-12-15 23:11:48,Possible DDoS,192.168.1.106,N/A,443
2025-12-15 23:11:50,Possible DDoS,23.53.243.54,N/A,20218
2025-12-15 23:11:55,Possible DDoS,23.53.243.54,N/A,20218
2025-12-15 23:11:55,Possible DDoS,192.168.1.106,N/A,443
2025-12-15 23:11:55,Possible DDoS,23.53.243.54,N/A,20218
2025-12-15 23:12:00,Possible DDoS,23.53.243.54,N/A,20218
2025-12-15 23:12:05,Possible DDoS,23.53.243.54,N/A,20218
2025-12-15 23:12:05,Possible DDoS,192.168.1.106,N/A,443
2025-12-15 23:12:05,Possible DDoS,23.53.243.54,N/A,20218
2025-12-15 23:12:11,Possible DDoS,23.53.243.54,N/A,20218
2025-12-15 23:12:16,Possible DDoS,23.53.243.54,N/A,20218
2025-12-15 23:12:21,Possible DDoS,23.53.243.54,N/A,20218
2025-12-15 23:12:21,Possible DDoS,23.53.243.54,N/A,20218
2025-12-15 23:12:21,Possible DDoS,192.168.1.106,N/A,443
2025-12-15 23:12:26,Possible DDoS,23.53.243.54,N/A,20218
2025-12-15 23:12:31,Possible DDoS,23.53.243.54,N/A,20218
2025-12-15 23:12:31,Possible DDoS,192.168.1.106,N/A,443
2025-12-15 23:12:31,Possible DDoS,23.53.243.54,N/A,20218
2025-12-15 23:12:36,Possible DDoS,23.53.243.54,N/A,20218
2025-12-15 23:12:41,Possible DDoS,23.53.243.54,N/A,20218
2025-12-15 23:12:41,Possible DDoS,23.53.243.54,N/A,20218
2025-12-15 23:12:47,Possible DDoS,23.53.243.54,N/A,20218
2025-12-15 23:12:47,Possible DDoS,192.168.1.106,N/A,443
2025-12-15 23:12:51,Possible DDoS,192.168.1.106,N/A,443
2025-12-15 23:12:52,Possible DDoS,23.53.243.54,N/A,20218
2025-12-15 23:12:57,Possible DDoS,192.168.1.106,N/A,443
2025-12-15 23:12:57,Possible DDoS,23.53.243.54,N/A,20218
2025-12-15 23:12:57,Possible DDoS,23.53.243.54,N/A,20218
2025-12-15 23:13:02,Possible DDoS,192.168.1.106,N/A,443
2025-12-15 23:13:02,Possible DDoS,23.53.243.54,N/A,20218
2025-12-15 23:13:07,Possible DDoS,23.53.243.54,N/A,20218
2025-12-15 23:13:07,Possible DDoS,23.53.243.54,N/A,20218
2025-12-15 23:13:13,Possible DDoS,192.168.1.106,N/A,443
2025-12-15 23:13:13,Possible DDoS,23.53.243.54,N/A,20218
2025-12-15 23:13:18,Possible DDoS,23.53.243.54,N/A,20218
2025-12-15 23:13:18,Possible DDoS,23.53.243.54,N/A,20218
2025-12-15 23:13:23,Possible DDoS,23.53.243.54,N/A,20218
2025-12-15 23:13:23,Possible DDoS,192.168.1.106,N/A,443
2025-12-15 23:13:28,Possible DDoS,23.53.243.54,N/A,20218
2025-12-15 23:13:33,Possible DDoS,23.53.243.54,N/A,20218
2025-12-15 23:13:33,Possible DDoS,192.168.1.106,N/A,443
2025-12-15 23:13:33,Possible DDoS,23.53.243.54,N/A,20218
2025-12-15 23:13:39,Possible DDoS,23.53.243.54,N/A,20218
2025-12-15 23:13:40,Possible DDoS,192.168.1.106,N/A,443
2025-12-15 23:13:45,Possible DDoS,23.53.243.54,N/A,20218
2025-12-15 23:13:45,Possible DDoS,23.53.243.54,N/A,20218
2025-12-15 23:13:50,Possible DDoS,192.168.1.106,N/A,443
2025-12-15 23:13:50,Possible DDoS,23.53.243.54,N/A,20218
2025-12-15 23:13:55,Possible DDoS,23.53.243.54,N/A,20218
2025-12-15 23:13:55,Possible DDoS,23.53.243.54,N/A,20218
2025-12-15 23:13:57,Possible DDoS,192.168.1.106,N/A,443
2025-12-15 23:14:02,Possible DDoS,23.53.243.54,N/A,20218
2025-12-15 23:14:02,Possible DDoS,192.168.1.106,N/A,443
2025-12-15 23:14:07,Possible DDoS,23.53.243.54,N/A,20218
2025-12-15 23:14:07,Possible DDoS,23.53.243.54,N/A,20218
2025-12-15 23:14:12,Possible DDoS,23.53.243.54,N/A,20218
2025-12-15 23:14:12,Possible DDoS,192.168.1.106,N/A,443
2025-12-15 23:14:17,Possible DDoS,23.53.243.54,N/A,20218
2025-12-15 23:14:17,Possible DDoS,23.53.243.54,N/A,20218
2025-12-15 23:14:22,Possible DDoS,23.53.243.54,N/A,20218
2025-12-15 23:14:22,Possible DDoS,192.168.1.106,N/A,443
2025-12-15 23:14:27,Possible DDoS,23.53.243.54,N/A,20218
2025-12-15 23:14:28,Possible DDoS,23.53.243.54,N/A,20218
2025-12-15 23:14:33,Possible DDoS,23.53.243.54,N/A,20218
2025-12-15 23:14:33,Possible DDoS,192.168.1.106,N/A,443
2025-12-15 23:14:33,Possible DDoS,23.53.243.54,N/A,20218
2025-12-15 23:14:38,Possible DDoS,23.53.243.54,N/A,20218
2025-12-15 23:14:43,Possible DDoS,23.53.243.54,N/A,20218
2025-12-15 23:14:43,Possible DDoS,23.53.243.54,N/A,20218
2025-12-15 23:14:48,Possible DDoS,23.53.243.54,N/A,20218
2025-12-15 23:14:52,Possible DDoS,192.168.1.106,N/A,443
2025-12-15 23:14:53,Possible DDoS,23.53.243.54,N/A,20218
2025-12-15 23:14:54,Possible DDoS,23.53.243.54,N/A,20218
2025-12-15 23:14:59,Possible DDoS,192.168.1.106,N/A,443
2025-12-15 23:14:59,Possible DDoS,23.53.243.54,N/A,20218
2025-12-15 23:15:04,Possible DDoS,23.53.243.54,N/A,20218
2025-12-15 23:15:04,Possible DDoS,23.53.243.54,N/A,20218
2025-12-15 23:15:09,Possible DDoS,23.53.243.54,N/A,20218
2025-12-15 23:15:10,Possible DDoS,192.168.1.106,N/A,443
2025-12-15 23:15:15,Possible DDoS,23.53.243.54,N/A,20218
2025-12-15 23:15:15,Possible DDoS,23.53.243.54,N/A,20218
2025-12-15 23:15:20,Possible DDoS,23.53.243.54,N/A,20218
2025-12-15 23:15:20,Possible DDoS,192.168.1.106,N/A,443
2025-12-15 23:15:25,Possible DDoS,23.53.243.54,N/A,20218
2025-12-15 23:15:25,Possible DDoS,192.168.1.106,N/A,443
2025-12-15 23:15:25,Possible DDoS,23.53.243.54,N/A,20218
2025-12-15 23:15:25,Port Scanning,192.168.1.1,N/A,"[53408, 55747, 57545, 61134, 53326, 59506, 61300, 62518, 64954, 50011, 62266]"
2025-12-15 23:15:27,Port Scanning,192.168.1.1,N/A,"[55104, 64930, 53699, 53001, 52713, 57419, 55022, 54510, 60593, 57534, 64094]"
2025-12-15 23:15:27,Possible DDoS,185.199.109.154,N/A,5410
2025-12-15 23:15:27,Possible DDoS,185.199.109.154,N/A,5410
2025-12-15 23:15:27,Possible DDoS,185.199.109.154,N/A,5410
2025-12-15 23:15:27,Possible DDoS,192.168.1.106,N/A,443
2025-12-15 23:15:28,Port Scanning,192.168.1.1,N/A,"[57921, 50625, 49475, 54787, 56269, 56878, 49467, 60404, 51605, 65015, 57947]"
2025-12-15 23:15:33,Possible DDoS,23.53.243.54,N/A,20218
2025-12-15 23:15:33,Possible DDoS,23.53.243.54,N/A,20218
2025-12-15 23:15:33,Possible DDoS,192.168.1.106,N/A,443
2025-12-15 23:15:38,Possible DDoS,23.53.243.54,N/A,20218
2025-12-15 23:15:43,Possible DDoS,192.168.1.106,N/A,443
2025-12-15 23:15:43,Possible DDoS,23.53.243.54,N/A,20218
2025-12-15 23:15:43,Possible DDoS,23.53.243.54,N/A,20218
2025-12-15 23:15:48,Possible DDoS,23.53.243.54,N/A,20218
2025-12-15 23:15:49,Possible DDoS,192.168.1.106,N/A,443
2025-12-15 23:15:49,Possible DDoS,23.53.243.54,N/A,20218
2025-12-15 23:15:54,Possible DDoS,23.53.243.54,N/A,20218
2025-12-15 23:15:54,Possible DDoS,192.168.1.106,N/A,443
2025-12-15 23:15:59,Possible DDoS,23.53.243.54,N/A,20218
2025-12-15 23:15:59,Possible DDoS,23.53.243.54,N/A,20218
2025-12-15 23:16:04,Possible DDoS,23.53.243.54,N/A,20218
2025-12-15 23:16:04,Possible DDoS,192.168.1.106,N/A,443
2025-12-15 23:16:04,Possible DDoS,23.53.243.54,N/A,20218
2025-12-15 23:16:10,Possible DDoS,23.53.243.54,N/A,20218
2025-12-15 23:16:11,Possible DDoS,192.168.1.106,N/A,443
2025-12-15 23:16:15,Possible DDoS,23.53.243.54,N/A,20218
2025-12-15 23:16:15,Possible DDoS,23.53.243.54,N/A,20218
2025-12-15 23:16:20,Possible DDoS,23.53.243.54,N/A,20218
2025-12-15 23:16:20,Possible DDoS,192.168.1.106,N/A,443
2025-12-15 23:16:20,Possible DDoS,23.53.243.54,N/A,20218
2025-12-15 23:16:25,Possible DDoS,23.53.243.54,N/A,20218
2025-12-15 23:16:25,Possible DDoS,23.53.243.54,N/A,20218
2025-12-15 23:16:30,Possible DDoS,23.53.243.54,N/A,20218
2025-12-15 23:16:30,Possible DDoS,192.168.1.106,N/A,443
2025-12-15 23:16:35,Possible DDoS,23.53.243.54,N/A,20218
2025-12-15 23:16:35,Possible DDoS,23.53.243.54,N/A,20218
2025-12-15 23:16:37,Possible DDoS,192.168.1.106,N/A,443
2025-12-15 23:16:40,Possible DDoS,23.53.243.54,N/A,20218
2025-12-15 23:16:41,Possible DDoS,23.53.243.54,N/A,20218
2025-12-15 23:16:46,Possible DDoS,192.168.1.106,N/A,443
2025-12-15 23:16:46,Possible DDoS,23.53.243.54,N/A,20218
2025-12-15 23:16:46,Possible DDoS,192.168.1.106,N/A,443
2025-12-15 23:16:47,Possible DDoS,192.168.1.106,N/A,443
2025-12-15 23:16:48,Possible DDoS,192.168.1.106,N/A,443
2025-12-15 23:16:49,Possible DDoS,192.168.1.106,N/A,443
2025-12-15 23:16:54,Possible DDoS,23.53.243.54,N/A,20218
2025-12-15 23:16:54,Possible DDoS,192.168.1.106,N/A,443
2025-12-15 23:16:54,Possible DDoS,23.53.243.54,N/A,20218
2025-12-15 23:16:56,Possible DDoS,192.168.1.106,N/A,443
2025-12-15 23:16:59,Possible DDoS,23.53.243.54,N/A,20218
2025-12-15 23:16:59,Possible DDoS,192.168.1.106,N/A,443
2025-12-15 23:17:00,Possible DDoS,23.53.243.54,N/A,20218
2025-12-15 23:17:01,Possible DDoS,23.53.243.54,N/A,20218
2025-12-15 23:17:01,Possible DDoS,23.53.243.54,N/A,20218
2025-12-15 23:17:01,Possible DDoS,192.168.1.106,N/A,443
2025-12-15 23:17:07,Possible DDoS,23.53.243.54,N/A,20218
2025-12-15 23:17:07,Possible DDoS,23.53.243.54,N/A,20218
2025-12-15 23:17:12,Possible DDoS,192.168.1.106,N/A,443
2025-12-15 23:17:12,Possible DDoS,23.53.243.54,N/A,20218
2025-12-15 23:17:12,Possible DDoS,23.53.243.54,N/A,20218
2025-12-15 23:17:17,Possible DDoS,23.53.243.54,N/A,20218
2025-12-15 23:17:19,Possible DDoS,192.168.1.106,N/A,443
2025-12-15 23:17:19,Possible DDoS,192.168.1.106,N/A,443
2025-12-15 23:17:20,Possible DDoS,192.168.1.106,N/A,443
2025-12-15 23:17:21,Possible DDoS,192.168.1.106,N/A,443
2025-12-15 23:17:22,Possible DDoS,192.168.1.106,N/A,443
2025-12-15 23:17:23,Possible DDoS,192.168.1.106,N/A,443
2025-12-15 23:17:24,Possible DDoS,192.168.1.106,N/A,443
2025-12-15 23:17:24,Possible DDoS,192.168.1.106,N/A,443
2025-12-15 23:17:26,Possible DDoS,23.53.243.54,N/A,20218
2025-12-15 23:17:26,Possible DDoS,23.53.243.54,N/A,20218
2025-12-15 23:17:27,Possible DDoS,192.168.1.106,N/A,443
2025-12-15 23:17:28,Possible DDoS,192.168.1.106,N/A,443
2025-12-15 23:17:29,Possible DDoS,192.168.1.106,N/A,443
2025-12-15 23:17:29,Possible DDoS,192.168.1.106,N/A,443
2025-12-15 23:17:30,Possible DDoS,71.18.222.1,N/A,54610
2025-12-15 23:17:30,Possible DDoS,192.168.1.106,N/A,443
2025-12-15 23:17:30,Possible DDoS,23.53.243.54,N/A,20218
2025-12-15 23:17:30,Possible DDoS,71.18.222.1,N/A,54616
2025-12-15 23:17:30,Possible DDoS,192.168.1.106,N/A,443
2025-12-15 23:17:31,Possible DDoS,71.18.222.1,N/A,54613
2025-12-15 23:17:31,Possible DDoS,192.168.1.106,N/A,443
2025-12-15 23:17:32,Possible DDoS,192.168.1.106,N/A,443
2025-12-15 23:17:33,Possible DDoS,192.168.1.106,N/A,443
2025-12-15 23:17:33,Possible DDoS,192.168.1.106,N/A,443
2025-12-15 23:17:34,Possible DDoS,192.168.1.106,N/A,443
2025-12-15 23:17:34,Possible DDoS,192.168.1.106,N/A,443
2025-12-15 23:17:34,Possible DDoS,71.18.222.1,N/A,54609
2025-12-15 23:17:35,Possible DDoS,71.18.222.1,N/A,54606
2025-12-15 23:17:35,Possible DDoS,192.168.1.106,N/A,443
2025-12-15 23:17:35,Possible DDoS,71.18.222.1,N/A,54615
2025-12-15 23:17:36,Possible DDoS,71.18.222.1,N/A,54616
2025-12-15 23:17:36,Possible DDoS,192.168.1.106,N/A,443
2025-12-15 23:17:37,Possible DDoS,192.168.1.106,N/A,443
2025-12-15 23:17:37,Possible DDoS,71.18.222.1,N/A,54612
2025-12-15 23:17:38,Possible DDoS,192.168.1.106,N/A,443
2025-12-15 23:17:38,Possible DDoS,192.168.1.106,N/A,443
2025-12-15 23:17:39,Possible DDoS,71.18.222.1,N/A,54610
2025-12-15 23:17:39,Possible DDoS,192.168.1.106,N/A,443
2025-12-15 23:17:40,Possible DDoS,192.168.1.106,N/A,443
2025-12-15 23:17:40,Possible DDoS,192.168.1.106,N/A,443
2025-12-15 23:17:41,Possible DDoS,192.168.1.106,N/A,443
2025-12-15 23:17:42,Possible DDoS,192.168.1.106,N/A,443
2025-12-15 23:17:42,Possible DDoS,34.107.238.235,N/A,64340
2025-12-15 23:17:43,Possible DDoS,192.168.1.106,N/A,443
2025-12-15 23:17:43,Possible DDoS,71.18.222.1,N/A,54648
2025-12-15 23:17:43,Possible DDoS,192.168.1.106,N/A,443
2025-12-15 23:17:45,Possible DDoS,192.168.1.106,N/A,443
2025-12-15 23:17:45,Possible DDoS,192.168.1.106,N/A,443
2025-12-15 23:17:46,Possible DDoS,71.18.222.1,N/A,54609
2025-12-15 23:17:46,Possible DDoS,192.168.1.106,N/A,443
2025-12-15 23:17:46,Possible DDoS,192.168.1.106,N/A,443
2025-12-15 23:17:47,Possible DDoS,192.168.1.106,N/A,443
2025-12-15 23:17:48,Possible DDoS,192.168.1.106,N/A,443
2025-12-15 23:17:48,Possible DDoS,192.168.1.106,N/A,443
2025-12-15 23:17:49,Possible DDoS,192.168.1.106,N/A,443
2025-12-15 23:17:49,Possible DDoS,192.168.1.106,N/A,443
2025-12-15 23:17:52,Possible DDoS,192.168.1.106,N/A,443
2025-12-15 23:17:54,Possible DDoS,192.168.1.106,N/A,443
2025-12-15 23:17:54,Possible DDoS,192.168.1.106,N/A,443
2025-12-15 23:17:55,Possible DDoS,192.168.1.106,N/A,443
2025-12-15 23:17:56,Possible DDoS,23.53.243.54,N/A,20218
2025-12-15 23:17:56,Possible DDoS,192.168.1.106,N/A,443
2025-12-15 23:17:56,Possible DDoS,71.18.222.1,N/A,54674
2025-12-15 23:17:56,Possible DDoS,192.168.1.106,N/A,443
2025-12-15 23:17:57,Possible DDoS,71.18.222.1,N/A,54673
2025-12-15 23:17:57,Possible DDoS,192.168.1.106,N/A,443
2025-12-15 23:17:57,Possible DDoS,192.168.1.106,N/A,443
2025-12-15 23:17:58,Possible DDoS,192.168.1.106,N/A,443
2025-12-15 23:17:59,Possible DDoS,192.168.1.106,N/A,443
2025-12-15 23:18:01,Possible DDoS,192.168.1.106,N/A,443
2025-12-15 23:18:02,Possible DDoS,192.168.1.106,N/A,443
2025-12-15 23:18:03,Possible DDoS,192.168.1.106,N/A,443
2025-12-15 23:18:03,Possible DDoS,71.18.222.1,N/A,54695
2025-12-15 23:18:03,Possible DDoS,192.168.1.106,N/A,443
2025-12-15 23:18:04,Possible DDoS,192.168.1.106,N/A,443
2025-12-15 23:18:05,Possible DDoS,23.53.243.54,N/A,20218
2025-12-15 23:18:05,Possible DDoS,192.168.1.106,N/A,443
2025-12-15 23:18:05,Possible DDoS,23.53.243.54,N/A,20218
2025-12-15 23:18:06,Possible DDoS,192.168.1.106,N/A,443
2025-12-15 23:18:07,Possible DDoS,192.168.1.106,N/A,443
2025-12-15 23:18:08,Possible DDoS,192.168.1.106,N/A,443
2025-12-15 23:18:10,Possible DDoS,192.168.1.106,N/A,443
2025-12-15 23:18:11,Possible DDoS,192.168.1.106,N/A,443
2025-12-15 23:18:12,Possible DDoS,192.168.1.106,N/A,443
2025-12-15 23:18:12,Possible DDoS,192.168.1.106,N/A,443
2025-12-15 23:18:13,Possible DDoS,192.168.1.106,N/A,443
2025-12-15 23:18:13,Possible DDoS,23.53.243.54,N/A,20218
2025-12-15 23:18:13,Possible DDoS,23.53.243.54,N/A,20218
2025-12-15 23:18:13,Possible DDoS,192.168.1.106,N/A,443
2025-12-15 23:18:15,Possible DDoS,192.168.1.106,N/A,443
2025-12-15 23:18:16,Possible DDoS,192.168.1.106,N/A,443
2025-12-15 23:18:16,Possible DDoS,192.168.1.106,N/A,443
2025-12-15 23:18:17,Possible DDoS,192.168.1.106,N/A,443
2025-12-15 23:18:18,Possible DDoS,192.168.1.106,N/A,443
2025-12-15 23:18:18,Possible DDoS,192.168.1.106,N/A,443
2025-12-15 23:18:19,Possible DDoS,192.168.1.106,N/A,443
2025-12-15 23:18:24,Possible DDoS,192.168.1.106,N/A,443
2025-12-15 23:18:24,Possible DDoS,23.53.243.54,N/A,20218
2025-12-15 23:18:26,Possible DDoS,192.168.1.106,N/A,443
2025-12-15 23:18:26,Possible DDoS,192.168.1.106,N/A,443
2025-12-15 23:18:27,Possible DDoS,192.168.1.106,N/A,443
2025-12-15 23:18:27,Possible DDoS,192.168.1.106,N/A,443
2025-12-15 23:18:29,Possible DDoS,23.53.243.54,N/A,20218
2025-12-15 23:18:29,Possible DDoS,23.53.243.54,N/A,20218
2025-12-15 23:18:29,Possible DDoS,23.53.243.54,N/A,20218
2025-12-15 23:18:31,Possible DDoS,192.168.1.106,N/A,443
2025-12-15 23:18:33,Possible DDoS,23.53.243.54,N/A,20218
2025-12-15 23:18:33,Possible DDoS,23.53.243.54,N/A,20218
2025-12-15 23:18:37,Possible DDoS,192.168.1.106,N/A,443
2025-12-15 23:18:39,Possible DDoS,23.53.243.54,N/A,20218
2025-12-15 23:18:39,Possible DDoS,23.53.243.54,N/A,20218
2025-12-15 23:18:44,Possible DDoS,192.168.1.106,N/A,443
2025-12-15 23:18:44,Possible DDoS,23.53.243.54,N/A,20218
2025-12-15 23:18:45,Possible DDoS,23.53.243.54,N/A,20218
2025-12-15 23:18:50,Possible DDoS,23.53.243.54,N/A,20218
2025-12-15 23:18:50,Possible DDoS,192.168.1.106,N/A,443
2025-12-15 23:18:50,Possible DDoS,23.53.243.54,N/A,20218
2025-12-15 23:18:53,Port Scanning,192.168.1.1,N/A,"[61953, 59266, 49154, 64005, 62409, 61935, 56305, 51537, 59608, 63450, 52414]"
2025-12-15 23:18:55,Possible DDoS,192.168.1.106,N/A,443
2025-12-15 23:18:55,Possible DDoS,23.53.243.54,N/A,20218
2025-12-15 23:18:55,Possible DDoS,23.53.243.54,N/A,20218
2025-12-15 23:18:58,Possible DDoS,23.53.243.54,N/A,20218
2025-12-15 23:18:58,Possible DDoS,192.168.1.106,N/A,443
2025-12-15 23:18:58,Possible DDoS,23.53.243.54,N/A,20218
2025-12-15 23:19:03,Possible DDoS,23.53.243.54,N/A,20218
2025-12-15 23:19:04,Possible DDoS,23.53.243.54,N/A,20218
2025-12-15 23:19:08,Possible DDoS,192.168.1.106,N/A,443
2025-12-15 23:19:09,Possible DDoS,23.53.243.54,N/A,20218
2025-12-15 23:19:09,Possible DDoS,23.53.243.54,N/A,20218
2025-12-15 23:19:14,Possible DDoS,192.168.1.106,N/A,443
2025-12-15 23:19:14,Possible DDoS,23.53.243.54,N/A,20218
2025-12-15 23:19:14,Possible DDoS,23.53.243.54,N/A,20218
2025-12-15 23:19:19,Possible DDoS,23.53.243.54,N/A,20218
2025-12-15 23:19:19,Possible DDoS,192.168.1.106,N/A,443
2025-12-15 23:19:19,Possible DDoS,23.53.243.54,N/A,20218
2025-12-15 23:19:20,Possible DDoS,23.53.243.54,N/A,20218
2025-12-15 23:19:25,Possible DDoS,192.168.1.106,N/A,443
2025-12-15 23:19:25,Possible DDoS,23.53.243.54,N/A,20218
2025-12-15 23:19:25,Possible DDoS,23.53.243.54,N/A,20218
2025-12-15 23:19:30,Possible DDoS,23.53.243.54,N/A,20218
2025-12-15 23:19:30,Possible DDoS,192.168.1.106,N/A,443
2025-12-15 23:19:30,Possible DDoS,23.53.243.54,N/A,20218
2025-12-15 23:19:36,Possible DDoS,23.53.243.54,N/A,20218
2025-12-15 23:19:36,Possible DDoS,23.53.243.54,N/A,20218
2025-12-15 23:19:36,Possible DDoS,192.168.1.106,N/A,443
2025-12-15 23:19:41,Possible DDoS,23.53.243.54,N/A,20218
2025-12-15 23:19:41,Possible DDoS,23.53.243.54,N/A,20218
2025-12-15 23:19:41,Possible DDoS,23.53.243.54,N/A,20218
2025-12-15 23:19:43,Possible DDoS,192.168.1.106,N/A,443
2025-12-15 23:19:46,Possible DDoS,23.53.243.54,N/A,20218
2025-12-15 23:19:47,Possible DDoS,23.53.243.54,N/A,20218
2025-12-15 23:19:48,Possible DDoS,192.168.1.106,N/A,443
2025-12-15 23:19:53,Possible DDoS,23.53.243.54,N/A,20218
2025-12-15 23:19:53,Possible DDoS,23.53.243.54,N/A,20218
2025-12-15 23:19:53,Possible DDoS,192.168.1.106,N/A,443
2025-12-15 23:19:57,Port Scanning,192.168.1.1,N/A,"[57147, 57543, 51944, 63819, 57547, 61037, 65039, 59283, 50009, 53915, 55005]"
2025-12-15 23:19:58,Possible DDoS,23.53.243.54,N/A,20218
2025-12-15 23:19:58,Possible DDoS,23.53.243.54,N/A,20218
2025-12-15 23:19:58,Possible DDoS,192.168.1.106,N/A,443
2025-12-15 23:20:03,Possible DDoS,23.53.243.54,N/A,20218
2025-12-15 23:20:04,Possible DDoS,23.53.243.54,N/A,20218
2025-12-15 23:20:05,Possible DDoS,192.168.1.106,N/A,443
2025-12-15 23:20:10,Possible DDoS,23.53.243.54,N/A,20218
2025-12-15 23:20:10,Possible DDoS,23.53.243.54,N/A,20218
2025-12-15 23:20:10,Possible DDoS,23.53.243.54,N/A,20218
2025-12-15 23:20:12,Possible DDoS,192.168.1.106,N/A,443
2025-12-15 23:20:17,Possible DDoS,23.53.243.54,N/A,20218
2025-12-15 23:20:17,Possible DDoS,23.53.243.54,N/A,20218
2025-12-15 23:20:21,Possible DDoS,192.168.1.106,N/A,443
2025-12-15 23:20:22,Possible DDoS,23.53.243.54,N/A,20218
2025-12-15 23:20:23,Possible DDoS,23.53.243.54,N/A,20218
2025-12-15 23:20:26,Possible DDoS,23.53.243.54,N/A,20218
2025-12-15 23:20:26,Possible DDoS,192.168.1.106,N/A,443
2025-12-15 23:20:26,Possible DDoS,23.53.243.54,N/A,20218
2025-12-15 23:20:26,Possible DDoS,23.53.243.54,N/A,20218
2025-12-15 23:20:32,Possible DDoS,23.53.243.54,N/A,20218
2025-12-15 23:20:32,Possible DDoS,192.168.1.106,N/A,443
2025-12-15 23:20:32,Possible DDoS,23.53.243.54,N/A,20218
2025-12-15 23:20:37,Possible DDoS,23.53.243.54,N/A,20218
2025-12-15 23:20:37,Possible DDoS,192.168.1.106,N/A,443
2025-12-15 23:20:37,Possible DDoS,23.53.243.54,N/A,20218
2025-12-15 23:20:41,Port Scanning,192.168.1.1,N/A,"[50594, 53892, 65189, 52232, 64334, 52758, 61750, 53977, 61627, 57180, 57693]"
2025-12-15 23:20:42,Possible DDoS,23.53.243.54,N/A,20218
2025-12-15 23:20:42,Possible DDoS,23.53.243.54,N/A,20218
2025-12-15 23:20:42,Possible DDoS,192.168.1.106,N/A,443
2025-12-15 23:20:43,Possible DDoS,23.53.243.54,N/A,20218
2025-12-15 23:20:46,Possible DDoS,34.96.106.127,N/A,49596
2025-12-15 23:20:46,Possible DDoS,192.168.1.106,N/A,443
2025-12-15 23:20:46,Port Scanning,192.168.1.1,N/A,"[62048, 64641, 50945, 55939, 63514, 65189, 49460, 54551, 54297, 59866, 60631]"
2025-12-15 23:20:46,Possible DDoS,34.96.106.127,N/A,49596
2025-12-15 23:20:46,Possible DDoS,34.96.106.127,N/A,49596
2025-12-15 23:20:47,Possible DDoS,34.96.106.127,N/A,49596
2025-12-15 23:20:47,Possible DDoS,34.96.106.127,N/A,49596
2025-12-15 23:20:47,Possible DDoS,34.96.106.127,N/A,49596
2025-12-15 23:20:47,Possible DDoS,34.96.106.127,N/A,49596
2025-12-15 23:20:48,Possible DDoS,192.168.1.106,N/A,443
2025-12-15 23:20:48,Possible DDoS,34.96.106.127,N/A,49596
2025-12-15 23:20:48,Possible DDoS,34.96.106.127,N/A,49596
2025-12-15 23:20:48,Possible DDoS,23.53.243.54,N/A,20218
2025-12-15 23:20:49,Possible DDoS,192.168.1.106,N/A,443
2025-12-15 23:20:54,Possible DDoS,23.53.243.54,N/A,20218
2025-12-15 23:20:54,Possible DDoS,23.53.243.54,N/A,20218
2025-12-15 23:20:54,Possible DDoS,23.53.243.54,N/A,20218
2025-12-15 23:20:55,Possible DDoS,192.168.1.106,N/A,443
2025-12-15 23:20:55,Port Scanning,192.168.1.1,N/A,"[60001, 65507, 50117, 65189, 50766, 54606, 52337, 49652, 52921, 50650, 56955]"
2025-12-15 23:21:00,Possible DDoS,23.53.243.54,N/A,20218
2025-12-15 23:21:00,Possible DDoS,192.168.1.106,N/A,443
2025-12-15 23:21:01,Possible DDoS,23.53.243.54,N/A,20218
2025-12-15 23:21:06,Possible DDoS,23.53.243.54,N/A,20218
2025-12-15 23:21:06,Possible DDoS,23.53.243.54,N/A,20218
2025-12-15 23:21:07,Possible DDoS,192.168.1.106,N/A,443
2025-12-15 23:21:12,Possible DDoS,23.53.243.54,N/A,20218
2025-12-15 23:21:12,Possible DDoS,23.53.243.54,N/A,20218
2025-12-15 23:21:12,Possible DDoS,192.168.1.106,N/A,443
2025-12-15 23:21:12,Possible DDoS,23.53.243.54,N/A,20218
2025-12-15 23:21:18,Possible DDoS,23.53.243.54,N/A,20218
2025-12-15 23:21:18,Possible DDoS,23.53.243.54,N/A,20218
2025-12-15 23:21:23,Possible DDoS,192.168.1.106,N/A,443
2025-12-15 23:21:23,Possible DDoS,23.53.243.54,N/A,20218
2025-12-15 23:21:23,Possible DDoS,23.53.243.54,N/A,20218
2025-12-15 23:21:28,Possible DDoS,23.53.243.54,N/A,20218
2025-12-15 23:21:29,Possible DDoS,23.53.243.54,N/A,20218
2025-12-15 23:21:29,Possible DDoS,192.168.1.106,N/A,443
2025-12-15 23:21:29,Possible DDoS,23.53.243.54,N/A,20218
2025-12-15 23:21:34,Possible DDoS,23.53.243.54,N/A,20218
2025-12-15 23:21:34,Possible DDoS,23.53.243.54,N/A,20218
2025-12-15 23:21:34,Possible DDoS,192.168.1.106,N/A,443
2025-12-15 23:21:39,Possible DDoS,23.53.243.54,N/A,20218
2025-12-15 23:21:39,Possible DDoS,192.168.1.106,N/A,443
2025-12-15 23:21:39,Possible DDoS,23.53.243.54,N/A,20218
2025-12-15 23:21:40,Possible DDoS,23.53.243.54,N/A,20218
2025-12-15 23:21:45,Possible DDoS,23.53.243.54,N/A,20218
2025-12-15 23:21:45,Possible DDoS,23.53.243.54,N/A,20218
2025-12-15 23:21:45,Possible DDoS,192.168.1.106,N/A,443
2025-12-15 23:21:50,Possible DDoS,23.53.243.54,N/A,20218
2025-12-15 23:21:50,Possible DDoS,23.53.243.54,N/A,20218
2025-12-15 23:21:50,Possible DDoS,192.168.1.106,N/A,443
2025-12-15 23:21:51,Possible DDoS,23.53.243.54,N/A,20218
2025-12-15 23:21:56,Possible DDoS,23.53.243.54,N/A,20218
2025-12-15 23:21:56,Possible DDoS,23.53.243.54,N/A,20218
2025-12-15 23:21:56,Possible DDoS,192.168.1.106,N/A,443
2025-12-15 23:21:59,Port Scanning,192.168.1.1,N/A,"[55392, 64386, 57861, 49542, 64999, 62821, 59053, 63803, 64054, 49563, 50653]"
2025-12-15 23:22:01,Possible DDoS,23.53.243.54,N/A,20218
2025-12-15 23:22:01,Possible DDoS,23.53.243.54,N/A,20218
2025-12-15 23:22:02,Possible DDoS,192.168.1.106,N/A,443
2025-12-15 23:22:02,Possible DDoS,23.53.243.54,N/A,20218
2025-12-15 23:22:07,Possible DDoS,23.53.243.54,N/A,20218
2025-12-15 23:22:07,Possible DDoS,23.53.243.54,N/A,20218
2025-12-15 23:22:07,Possible DDoS,192.168.1.106,N/A,443
2025-12-15 23:22:12,Possible DDoS,23.53.243.54,N/A,20218
2025-12-15 23:22:13,Possible DDoS,23.53.243.54,N/A,20218
2025-12-15 23:22:13,Possible DDoS,23.53.243.54,N/A,20218
2025-12-15 23:22:13,Possible DDoS,192.168.1.106,N/A,443
2025-12-15 23:22:19,Possible DDoS,23.53.243.54,N/A,20218
2025-12-15 23:22:19,Possible DDoS,23.53.243.54,N/A,20218
2025-12-15 23:22:19,Possible DDoS,192.168.1.106,N/A,443
2025-12-15 23:22:24,Possible DDoS,23.53.243.54,N/A,20218
2025-12-15 23:22:25,Possible DDoS,23.53.243.54,N/A,20218
2025-12-15 23:22:30,Possible DDoS,192.168.1.106,N/A,443
2025-12-15 23:22:30,Possible DDoS,23.53.243.54,N/A,20218
2025-12-15 23:22:30,Possible DDoS,23.53.243.54,N/A,20218
2025-12-15 23:22:30,Possible DDoS,23.53.243.54,N/A,20218
2025-12-15 23:22:35,Possible DDoS,23.53.243.54,N/A,20218
2025-12-15 23:22:36,Possible DDoS,192.168.1.106,N/A,443
2025-12-15 23:22:36,Possible DDoS,23.53.243.54,N/A,20218
2025-12-15 23:22:41,Possible DDoS,23.53.243.54,N/A,20218
2025-12-15 23:22:41,Possible DDoS,23.53.243.54,N/A,20218
2025-12-15 23:22:41,Possible DDoS,192.168.1.106,N/A,443
2025-12-15 23:22:41,Possible DDoS,23.53.243.54,N/A,20218
2025-12-15 23:22:46,Possible DDoS,192.168.1.106,N/A,443
2025-12-15 23:22:47,Possible DDoS,23.53.243.54,N/A,20218
2025-12-15 23:22:47,Possible DDoS,23.53.243.54,N/A,20218
2025-12-15 23:22:51,Possible DDoS,192.168.1.106,N/A,443
2025-12-15 23:22:52,Possible DDoS,23.53.243.54,N/A,20218
2025-12-15 23:22:52,Possible DDoS,23.53.243.54,N/A,20218
2025-12-15 23:22:52,Possible DDoS,192.168.1.106,N/A,443
2025-12-15 23:22:52,Possible DDoS,23.53.243.54,N/A,20218
2025-12-15 23:22:58,Possible DDoS,23.53.243.54,N/A,20218
2025-12-15 23:22:58,Possible DDoS,23.53.243.54,N/A,20218
2025-12-15 23:22:58,Possible DDoS,192.168.1.106,N/A,443
2025-12-15 23:23:03,Possible DDoS,23.53.243.54,N/A,20218
2025-12-15 23:23:03,Possible DDoS,23.53.243.54,N/A,20218
2025-12-15 23:23:03,Possible DDoS,23.53.243.54,N/A,20218
2025-12-15 23:23:07,Possible DDoS,192.168.1.106,N/A,443
2025-12-15 23:23:08,Possible DDoS,23.53.243.54,N/A,20218
2025-12-15 23:23:08,Possible DDoS,23.53.243.54,N/A,20218
2025-12-15 23:23:09,Possible DDoS,192.168.1.106,N/A,443
2025-12-15 23:23:14,Possible DDoS,23.53.243.54,N/A,20218
2025-12-15 23:23:14,Possible DDoS,23.53.243.54,N/A,20218
2025-12-15 23:23:15,Possible DDoS,23.53.243.54,N/A,20218
2025-12-15 23:23:15,Possible DDoS,192.168.1.106,N/A,443
2025-12-15 23:23:15,Port Scanning,192.168.1.1,N/A,"[62816, 60897, 60163, 58468, 59141, 61676, 55373, 54800, 63796, 62837, 57528]"
2025-12-15 23:23:20,Possible DDoS,23.53.243.54,N/A,20218
2025-12-15 23:23:20,Possible DDoS,23.53.243.54,N/A,20218
2025-12-15 23:23:20,Possible DDoS,192.168.1.106,N/A,443
2025-12-15 23:23:25,Possible DDoS,23.53.243.54,N/A,20218
2025-12-15 23:23:26,Possible DDoS,23.53.243.54,N/A,20218
2025-12-15 23:23:26,Possible DDoS,23.53.243.54,N/A,20218
2025-12-15 23:23:31,Possible DDoS,192.168.1.106,N/A,443
2025-12-15 23:23:31,Possible DDoS,23.53.243.54,N/A,20218
2025-12-15 23:23:31,Possible DDoS,23.53.243.54,N/A,20218
2025-12-15 23:23:32,Possible DDoS,23.53.243.54,N/A,20218
2025-12-15 23:23:37,Possible DDoS,23.53.243.54,N/A,20218
2025-12-15 23:23:37,Possible DDoS,192.168.1.106,N/A,443
2025-12-15 23:23:37,Possible DDoS,23.53.243.54,N/A,20218
2025-12-15 23:23:39,SQL Injection,192.168.1.106,Web Server,HTTP
2025-12-15 23:23:42,Possible DDoS,23.53.243.54,N/A,20218
2025-12-15 23:23:42,Possible DDoS,23.53.243.54,N/A,20218
2025-12-15 23:23:42,Possible DDoS,23.53.243.54,N/A,20218
2025-12-15 23:23:43,Possible DDoS,192.168.1.106,N/A,443
2025-12-15 23:23:47,Possible DDoS,23.53.243.54,N/A,20218
2025-12-15 23:23:48,Possible DDoS,23.53.243.54,N/A,20218
2025-12-15 23:23:48,Possible DDoS,23.53.243.54,N/A,20218
2025-12-15 23:23:52,Possible DDoS,192.168.1.106,N/A,443
2025-12-15 23:23:53,Possible DDoS,23.53.243.54,N/A,20218
2025-12-15 23:23:53,Possible DDoS,23.53.243.54,N/A,20218
2025-12-15 23:23:58,Possible DDoS,192.168.1.106,N/A,443
2025-12-15 23:23:58,Possible DDoS,23.53.243.54,N/A,20218
2025-12-15 23:23:59,Possible DDoS,23.53.243.54,N/A,20218
2025-12-15 23:23:59,Possible DDoS,23.53.243.54,N/A,20218
2025-12-15 23:24:04,Possible DDoS,192.168.1.106,N/A,443
2025-12-15 23:24:04,Possible DDoS,23.53.243.54,N/A,20218
2025-12-15 23:24:04,Possible DDoS,23.53.243.54,N/A,20218
2025-12-15 23:24:04,Possible DDoS,23.53.243.54,N/A,20218
2025-12-15 23:24:10,Possible DDoS,23.53.243.54,N/A,20218
2025-12-15 23:24:10,Possible DDoS,192.168.1.106,N/A,443
2025-12-15 23:24:10,Possible DDoS,23.53.243.54,N/A,20218
2025-12-15 23:24:15,Possible DDoS,23.53.243.54,N/A,20218
2025-12-15 23:24:15,Possible DDoS,23.53.243.54,N/A,20218
2025-12-15 23:24:15,Possible DDoS,23.53.243.54,N/A,20218
2025-12-15 23:24:18,Possible DDoS,192.168.1.106,N/A,443
2025-12-15 23:24:21,Possible DDoS,23.53.243.54,N/A,20218
2025-12-15 23:24:21,Possible DDoS,23.53.243.54,N/A,20218
2025-12-15 23:24:21,Possible DDoS,192.168.1.106,N/A,443
2025-12-15 23:24:21,Possible DDoS,23.53.243.54,N/A,20218
2025-12-15 23:24:26,Possible DDoS,23.53.243.54,N/A,20218
2025-12-15 23:24:26,Possible DDoS,23.53.243.54,N/A,20218
2025-12-15 23:24:27,Possible DDoS,192.168.1.106,N/A,443
2025-12-15 23:24:27,Possible DDoS,23.53.243.54,N/A,20218
2025-12-15 23:24:28,Port Scanning,192.168.1.1,N/A,"[49601, 61539, 56324, 63371, 57262, 64176, 61304, 50005, 52692, 50840, 59870]"
2025-12-15 23:24:32,Possible DDoS,192.168.1.106,N/A,443
2025-12-15 23:24:34,Possible DDoS,23.53.243.54,N/A,20218
2025-12-15 23:24:34,Possible DDoS,192.168.1.106,N/A,443
2025-12-15 23:24:34,Possible DDoS,23.53.243.54,N/A,20218
2025-12-15 23:24:37,Possible DDoS,23.53.243.54,N/A,20218
2025-12-15 23:24:37,Possible DDoS,23.53.243.54,N/A,20218
2025-12-15 23:24:37,Possible DDoS,23.53.243.54,N/A,20218
2025-12-15 23:24:37,Possible DDoS,192.168.1.106,N/A,443
2025-12-15 23:24:42,Possible DDoS,23.53.243.54,N/A,20218
2025-12-15 23:24:43,Possible DDoS,23.53.243.54,N/A,20218
2025-12-15 23:24:43,Possible DDoS,192.168.1.106,N/A,443
2025-12-15 23:24:43,Possible DDoS,23.53.243.54,N/A,20218
2025-12-15 23:24:48,Possible DDoS,23.53.243.54,N/A,20218
2025-12-15 23:24:48,Possible DDoS,192.168.1.106,N/A,443
2025-12-15 23:24:48,Possible DDoS,23.53.243.54,N/A,20218
2025-12-15 23:24:49,Possible DDoS,192.168.1.106,N/A,443
2025-12-15 23:24:49,Possible DDoS,23.53.243.54,N/A,20218
2025-12-15 23:24:53,Possible DDoS,192.168.1.106,N/A,443
2025-12-15 23:24:54,Possible DDoS,23.53.243.54,N/A,20218
2025-12-15 23:24:54,Possible DDoS,192.168.1.106,N/A,443
2025-12-15 23:24:55,Possible DDoS,23.53.243.54,N/A,20218
2025-12-15 23:24:55,Possible DDoS,192.168.1.106,N/A,443
2025-12-15 23:24:55,Possible DDoS,23.53.243.54,N/A,20218
2025-12-15 23:25:00,Possible DDoS,192.168.1.106,N/A,443
2025-12-15 23:25:00,Possible DDoS,23.53.243.54,N/A,20218
2025-12-15 23:25:01,Possible DDoS,23.53.243.54,N/A,20218
2025-12-15 23:25:01,Possible DDoS,192.168.1.106,N/A,443
2025-12-15 23:25:01,Possible DDoS,23.53.243.54,N/A,20218
2025-12-15 23:25:04,Port Scanning,192.168.1.1,N/A,"[60931, 54725, 49832, 55018, 59916, 57327, 51282, 61555, 58419, 61050, 64412]"
2025-12-15 23:25:06,Possible DDoS,192.168.1.106,N/A,443
2025-12-15 23:25:06,Possible DDoS,23.53.243.54,N/A,20218
2025-12-15 23:25:06,Possible DDoS,23.53.243.54,N/A,20218
2025-12-15 23:25:11,Possible DDoS,192.168.1.106,N/A,443
2025-12-15 23:25:11,Possible DDoS,23.53.243.54,N/A,20218
2025-12-15 23:25:12,Possible DDoS,23.53.243.54,N/A,20218
2025-12-15 23:25:12,Possible DDoS,23.53.243.54,N/A,20218
2025-12-15 23:25:17,Possible DDoS,23.53.243.54,N/A,20218
2025-12-15 23:25:17,Possible DDoS,192.168.1.106,N/A,443
2025-12-15 23:25:17,Possible DDoS,23.53.243.54,N/A,20218
2025-12-15 23:25:18,Possible DDoS,23.53.243.54,N/A,20218
2025-12-15 23:25:23,Possible DDoS,192.168.1.106,N/A,443
2025-12-15 23:25:23,Possible DDoS,23.53.243.54,N/A,20218
2025-12-15 23:25:23,Possible DDoS,192.168.1.106,N/A,443
2025-12-15 23:25:24,Possible DDoS,23.53.243.54,N/A,20218
2025-12-15 23:25:24,Possible DDoS,192.168.1.106,N/A,443
2025-12-15 23:25:24,Possible DDoS,23.53.243.54,N/A,20218
2025-12-15 23:25:25,Possible DDoS,192.168.1.106,N/A,443
2025-12-15 23:25:27,Port Scanning,192.168.1.1,N/A,"[53285, 55018, 62091, 55914, 64299, 61648, 62801, 57554, 61816, 54906, 59166]"
2025-12-15 23:25:32,Possible DDoS,192.168.1.106,N/A,443
2025-12-15 23:25:32,Possible DDoS,23.53.243.54,N/A,20218
2025-12-15 23:25:32,Possible DDoS,23.53.243.54,N/A,20218
2025-12-15 23:25:32,Possible DDoS,23.53.243.54,N/A,20218
2025-12-15 23:25:37,Possible DDoS,192.168.1.106,N/A,443
2025-12-15 23:25:37,Possible DDoS,23.53.243.54,N/A,20218
2025-12-15 23:25:38,Possible DDoS,23.53.243.54,N/A,20218
2025-12-15 23:25:38,Possible DDoS,23.53.243.54,N/A,20218
2025-12-15 23:25:43,Possible DDoS,192.168.1.106,N/A,443
2025-12-15 23:25:43,Possible DDoS,23.53.243.54,N/A,20218
2025-12-15 23:25:43,Possible DDoS,23.53.243.54,N/A,20218
2025-12-15 23:25:43,Possible DDoS,192.168.1.106,N/A,443
2025-12-15 23:25:44,Possible DDoS,23.53.243.54,N/A,20218
2025-12-15 23:25:49,Possible DDoS,23.53.243.54,N/A,20218
2025-12-15 23:25:49,Possible DDoS,192.168.1.106,N/A,443
2025-12-15 23:25:49,Possible DDoS,23.53.243.54,N/A,20218
2025-12-15 23:25:49,Possible DDoS,23.53.243.54,N/A,20218
2025-12-15 23:25:54,Possible DDoS,192.168.1.106,N/A,443
2025-12-15 23:25:54,Possible DDoS,23.53.243.54,N/A,20218
2025-12-15 23:25:54,Possible DDoS,23.53.243.54,N/A,20218
2025-12-15 23:25:55,Possible DDoS,23.53.243.54,N/A,20218
2025-12-15 23:26:00,Possible DDoS,192.168.1.106,N/A,443
2025-12-15 23:26:00,Possible DDoS,23.53.243.54,N/A,20218
2025-12-15 23:26:00,Possible DDoS,23.53.243.54,N/A,20218
2025-12-15 23:26:01,Possible DDoS,23.53.243.54,N/A,20218
2025-12-15 23:26:01,Possible DDoS,192.168.1.106,N/A,443
2025-12-15 23:26:06,Possible DDoS,23.53.243.54,N/A,20218
2025-12-15 23:26:06,Possible DDoS,23.53.243.54,N/A,20218
2025-12-15 23:26:06,Possible DDoS,192.168.1.106,N/A,443
2025-12-15 23:26:06,Possible DDoS,23.53.243.54,N/A,20218
2025-12-15 23:26:12,Possible DDoS,23.53.243.54,N/A,20218
2025-12-15 23:26:12,Possible DDoS,23.53.243.54,N/A,20218
2025-12-15 23:26:12,Possible DDoS,23.53.243.54,N/A,20218
2025-12-15 23:26:14,Possible DDoS,192.168.1.106,N/A,443
2025-12-15 23:26:19,Possible DDoS,23.53.243.54,N/A,20218
2025-12-15 23:26:19,Possible DDoS,23.53.243.54,N/A,20218
2025-12-15 23:26:19,Possible DDoS,192.168.1.106,N/A,443
2025-12-15 23:26:24,Possible DDoS,23.53.243.54,N/A,20218
2025-12-15 23:26:24,Possible DDoS,23.53.243.54,N/A,20218
2025-12-15 23:26:25,Possible DDoS,23.53.243.54,N/A,20218
2025-12-15 23:26:25,Possible DDoS,192.168.1.106,N/A,443
2025-12-15 23:26:30,Possible DDoS,23.53.243.54,N/A,20218
2025-12-15 23:26:30,Possible DDoS,23.53.243.54,N/A,20218
2025-12-15 23:26:30,Possible DDoS,23.53.243.54,N/A,20218
2025-12-15 23:26:30,Possible DDoS,192.168.1.106,N/A,443
2025-12-15 23:26:35,Possible DDoS,23.53.243.54,N/A,20218
2025-12-15 23:26:36,Possible DDoS,23.53.243.54,N/A,20218
2025-12-15 23:26:36,Possible DDoS,23.53.243.54,N/A,20218
2025-12-15 23:26:36,Possible DDoS,192.168.1.106,N/A,443
2025-12-15 23:26:36,Possible DDoS,23.53.243.54,N/A,20218
2025-12-15 23:26:41,Possible DDoS,23.53.243.54,N/A,20218
2025-12-15 23:26:42,Possible DDoS,192.168.1.106,N/A,443
2025-12-15 23:26:42,Possible DDoS,23.53.243.54,N/A,20218
2025-12-15 23:26:42,Possible DDoS,23.53.243.54,N/A,20218
2025-12-15 23:26:47,Possible DDoS,23.53.243.54,N/A,20218
2025-12-15 23:26:47,Possible DDoS,192.168.1.106,N/A,443
2025-12-15 23:26:47,Possible DDoS,23.53.243.54,N/A,20218
2025-12-15 23:26:48,Possible DDoS,23.53.243.54,N/A,20218
2025-12-15 23:26:53,Possible DDoS,192.168.1.106,N/A,443
2025-12-15 23:26:53,Possible DDoS,23.53.243.54,N/A,20218
2025-12-15 23:26:53,Possible DDoS,23.53.243.54,N/A,20218
2025-12-15 23:26:54,Possible DDoS,23.53.243.54,N/A,20218
2025-12-15 23:26:55,Possible DDoS,192.168.1.106,N/A,443
2025-12-15 23:27:00,Possible DDoS,23.53.243.54,N/A,20218
2025-12-15 23:27:00,Possible DDoS,192.168.1.106,N/A,443
2025-12-15 23:27:00,Possible DDoS,23.53.243.54,N/A,20218
2025-12-15 23:27:01,Possible DDoS,192.168.1.106,N/A,443
2025-12-15 23:27:01,Possible DDoS,23.53.243.54,N/A,20218
2025-12-15 23:27:01,Possible DDoS,192.168.1.106,N/A,443
2025-12-15 23:27:02,Possible DDoS,192.168.1.106,N/A,443
2025-12-15 23:27:07,Possible DDoS,192.168.1.106,N/A,443
2025-12-15 23:27:07,Possible DDoS,23.53.243.54,N/A,20218
2025-12-15 23:27:07,Possible DDoS,192.168.1.106,N/A,443
2025-12-15 23:27:08,Possible DDoS,23.53.243.54,N/A,20218
2025-12-15 23:27:08,Possible DDoS,192.168.1.106,N/A,443
2025-12-15 23:27:08,Possible DDoS,23.53.243.54,N/A,20218
2025-12-15 23:27:11,Possible DDoS,192.168.1.106,N/A,443
2025-12-15 23:27:12,Possible DDoS,192.168.1.106,N/A,443
2025-12-15 23:27:13,Possible DDoS,23.53.243.54,N/A,20218
2025-12-15 23:27:14,Possible DDoS,23.53.243.54,N/A,20218
2025-12-15 23:27:14,Possible DDoS,23.53.243.54,N/A,20218
2025-12-15 23:27:14,Possible DDoS,192.168.1.106,N/A,443
